Disease,Model_Type,Algorithm,CV_Recall_Mean,Test_Accuracy,Test_Precision,Test_Recall,Test_F1,Test_ROC_AUC,Model_Path
Diabetes,Independent,LOGREG,0.7428571428571429,0.7402597402597403,0.6029411764705882,0.7592592592592593,0.6721311475409836,0.8183333333333334,models\diabetes_logreg.pkl
Diabetes,Independent,RF,0.6960132890365448,0.7727272727272727,0.6666666666666666,0.7037037037037037,0.6846846846846847,0.8360185185185185,models\diabetes_rf.pkl
Diabetes,Independent,XGB,0.6447397563676633,0.7467532467532467,0.6363636363636364,0.6481481481481481,0.6422018348623854,0.8324074074074074,models\diabetes_xgb.pkl
Diabetes,Independent,SVM,0.770764119601329,0.7467532467532467,0.6086956521739131,0.7777777777777778,0.6829268292682927,0.807962962962963,models\diabetes_svm.pkl
Heart,Independent,LOGREG,0.8780626780626781,0.7868852459016393,0.7631578947368421,0.8787878787878788,0.8169014084507042,0.8722943722943723,models\heart_logreg.pkl
Heart,Independent,RF,0.8008547008547009,0.8032786885245902,0.7692307692307693,0.9090909090909091,0.8333333333333334,0.8760822510822511,models\heart_rf.pkl
Heart,Independent,XGB,0.8547008547008547,0.819672131147541,0.775,0.9393939393939394,0.8493150684931506,0.8841991341991342,models\heart_xgb.pkl
Heart,Independent,SVM,0.8319088319088319,0.8032786885245902,0.8,0.8484848484848485,0.8235294117647058,0.8593073593073592,models\heart_svm.pkl
Ckd,Independent,LOGREG,0.9949999999999999,0.9875,1.0,0.98,0.98989898989899,1.0,models\ckd_logreg.pkl
Ckd,Independent,RF,1.0,1.0,1.0,1.0,1.0,1.0,models\ckd_rf.pkl
Ckd,Independent,XGB,0.9949999999999999,0.975,0.98,0.98,0.98,0.9993333333333334,models\ckd_xgb.pkl
Ckd,Independent,SVM,0.985,1.0,1.0,1.0,1.0,1.0,models\ckd_svm.pkl
Diabetes,Shared Multi-Task,SHARED_GBM,,0.7467532467532467,0.6595744680851063,0.5740740740740741,0.6138613861386139,0.815,models\diabetes_shared_gbm.pkl
Heart,Shared Multi-Task,SHARED_GBM,,0.6557377049180327,0.6578947368421053,0.7575757575757576,0.704225352112676,0.6482683982683983,models\heart_shared_gbm.pkl
Ckd,Shared Multi-Task,SHARED_GBM,,0.9625,0.9795918367346939,0.96,0.9696969696969697,0.9966666666666667,models\ckd_shared_gbm.pkl
